,inve,acce,boxm
mean,7.01448395748651,6.946311350602293,6.998734733604653
sd,0.061877913551655055,0.06208558294101965,0.06265097679326684
